buyer_id,fee_paid
9990,28409.3165
9998,26642.2512
9993,24117.6231
9996,22134.961900000002
9992,20331.804600000003
